"Species","SamplingUnits.h50m","Incidence.h50m","SamplingUnits.h500m","Incidence.h500m","SamplingUnits.h1070m","Incidence.h1070m","SamplingUnits.h1500m","Incidence.h1500m","SamplingUnits.h2000m","Incidence.h2000m"
"Species_1",599,330,230,133,150,99,200,144,200,80
"Species_2",599,263,230,131,150,96,200,113,200,59
"Species_3",599,236,230,123,150,80,200,79,200,34
"Species_4",599,222,230,78,150,74,200,76,200,23
"Species_5",599,195,230,73,150,68,200,74,200,19
"Species_6",599,186,230,65,150,60,200,73,200,15
"Species_7",599,183,230,60,150,54,200,53,200,13
"Species_8",599,182,230,60,150,46,200,50,200,8
"Species_9",599,129,230,56,150,45,200,43,200,8
"Species_10",599,129,230,54,150,45,200,33,200,4
"Species_11",599,128,230,53,150,43,200,32,200,3
"Species_12",599,127,230,52,150,43,200,30,200,2
"Species_13",599,126,230,52,150,39,200,29,200,2
"Species_14",599,124,230,49,150,38,200,25,200,1
"Species_15",599,113,230,47,150,36,200,25,NA,NA
"Species_16",599,106,230,46,150,34,200,25,NA,NA
"Species_17",599,98,230,45,150,32,200,24,NA,NA
"Species_18",599,98,230,44,150,31,200,23,NA,NA
"Species_19",599,97,230,43,150,31,200,23,NA,NA
"Species_20",599,95,230,42,150,31,200,19,NA,NA
"Species_21",599,91,230,41,150,30,200,18,NA,NA
"Species_22",599,86,230,39,150,26,200,17,NA,NA
"Species_23",599,84,230,39,150,25,200,17,NA,NA
"Species_24",599,83,230,38,150,25,200,11,NA,NA
"Species_25",599,82,230,38,150,25,200,11,NA,NA
"Species_26",599,79,230,38,150,24,200,9,NA,NA
"Species_27",599,77,230,38,150,23,200,9,NA,NA
"Species_28",599,72,230,37,150,22,200,9,NA,NA
"Species_29",599,69,230,36,150,21,200,9,NA,NA
"Species_30",599,65,230,34,150,19,200,6,NA,NA
"Species_31",599,61,230,33,150,19,200,6,NA,NA
"Species_32",599,61,230,32,150,18,200,5,NA,NA
"Species_33",599,58,230,32,150,16,200,5,NA,NA
"Species_34",599,58,230,31,150,16,200,5,NA,NA
"Species_35",599,56,230,31,150,16,200,5,NA,NA
"Species_36",599,56,230,30,150,16,200,4,NA,NA
"Species_37",599,52,230,27,150,15,200,4,NA,NA
"Species_38",599,52,230,26,150,14,200,3,NA,NA
"Species_39",599,51,230,25,150,13,200,3,NA,NA
"Species_40",599,48,230,25,150,13,200,2,NA,NA
"Species_41",599,47,230,25,150,13,200,2,NA,NA
"Species_42",599,46,230,24,150,13,200,2,NA,NA
"Species_43",599,46,230,23,150,12,200,2,NA,NA
"Species_44",599,43,230,21,150,12,200,1,NA,NA
"Species_45",599,40,230,21,150,12,200,1,NA,NA
"Species_46",599,39,230,20,150,11,200,1,NA,NA
"Species_47",599,33,230,19,150,11,200,1,NA,NA
"Species_48",599,31,230,18,150,11,200,1,NA,NA
"Species_49",599,30,230,17,150,11,200,1,NA,NA
"Species_50",599,30,230,17,150,10,200,1,NA,NA
"Species_51",599,29,230,17,150,9,200,1,NA,NA
"Species_52",599,27,230,17,150,8,200,1,NA,NA
"Species_53",599,27,230,16,150,7,200,1,NA,NA
"Species_54",599,25,230,16,150,7,200,1,NA,NA
"Species_55",599,23,230,15,150,7,200,1,NA,NA
"Species_56",599,23,230,14,150,7,200,1,NA,NA
"Species_57",599,22,230,14,150,7,NA,NA,NA,NA
"Species_58",599,21,230,13,150,7,NA,NA,NA,NA
"Species_59",599,20,230,13,150,6,NA,NA,NA,NA
"Species_60",599,20,230,13,150,6,NA,NA,NA,NA
"Species_61",599,20,230,13,150,6,NA,NA,NA,NA
"Species_62",599,19,230,12,150,5,NA,NA,NA,NA
"Species_63",599,19,230,12,150,4,NA,NA,NA,NA
"Species_64",599,18,230,12,150,4,NA,NA,NA,NA
"Species_65",599,18,230,11,150,4,NA,NA,NA,NA
"Species_66",599,17,230,11,150,3,NA,NA,NA,NA
"Species_67",599,17,230,10,150,3,NA,NA,NA,NA
"Species_68",599,17,230,10,150,3,NA,NA,NA,NA
"Species_69",599,16,230,10,150,3,NA,NA,NA,NA
"Species_70",599,16,230,10,150,3,NA,NA,NA,NA
"Species_71",599,16,230,10,150,3,NA,NA,NA,NA
"Species_72",599,16,230,9,150,3,NA,NA,NA,NA
"Species_73",599,15,230,9,150,3,NA,NA,NA,NA
"Species_74",599,15,230,9,150,3,NA,NA,NA,NA
"Species_75",599,14,230,9,150,3,NA,NA,NA,NA
"Species_76",599,14,230,9,150,3,NA,NA,NA,NA
"Species_77",599,14,230,9,150,3,NA,NA,NA,NA
"Species_78",599,14,230,9,150,3,NA,NA,NA,NA
"Species_79",599,14,230,8,150,2,NA,NA,NA,NA
"Species_80",599,13,230,8,150,2,NA,NA,NA,NA
"Species_81",599,13,230,8,150,2,NA,NA,NA,NA
"Species_82",599,12,230,8,150,2,NA,NA,NA,NA
"Species_83",599,12,230,7,150,2,NA,NA,NA,NA
"Species_84",599,11,230,7,150,2,NA,NA,NA,NA
"Species_85",599,10,230,7,150,2,NA,NA,NA,NA
"Species_86",599,10,230,7,150,2,NA,NA,NA,NA
"Species_87",599,9,230,7,150,2,NA,NA,NA,NA
"Species_88",599,9,230,7,150,2,NA,NA,NA,NA
"Species_89",599,9,230,7,150,2,NA,NA,NA,NA
"Species_90",599,9,230,7,150,2,NA,NA,NA,NA
"Species_91",599,9,230,6,150,2,NA,NA,NA,NA
"Species_92",599,9,230,6,150,2,NA,NA,NA,NA
"Species_93",599,8,230,6,150,2,NA,NA,NA,NA
"Species_94",599,8,230,6,150,2,NA,NA,NA,NA
"Species_95",599,8,230,6,150,1,NA,NA,NA,NA
"Species_96",599,8,230,6,150,1,NA,NA,NA,NA
"Species_97",599,8,230,6,150,1,NA,NA,NA,NA
"Species_98",599,8,230,6,150,1,NA,NA,NA,NA
"Species_99",599,8,230,6,150,1,NA,NA,NA,NA
"Species_100",599,8,230,6,150,1,NA,NA,NA,NA
"Species_101",599,7,230,6,150,1,NA,NA,NA,NA
"Species_102",599,7,230,5,150,1,NA,NA,NA,NA
"Species_103",599,7,230,5,150,1,NA,NA,NA,NA
"Species_104",599,7,230,5,150,1,NA,NA,NA,NA
"Species_105",599,6,230,5,150,1,NA,NA,NA,NA
"Species_106",599,6,230,5,150,1,NA,NA,NA,NA
"Species_107",599,6,230,5,150,1,NA,NA,NA,NA
"Species_108",599,6,230,5,150,1,NA,NA,NA,NA
"Species_109",599,6,230,5,150,1,NA,NA,NA,NA
"Species_110",599,6,230,5,150,1,NA,NA,NA,NA
"Species_111",599,6,230,4,150,1,NA,NA,NA,NA
"Species_112",599,6,230,4,150,1,NA,NA,NA,NA
"Species_113",599,6,230,4,150,1,NA,NA,NA,NA
"Species_114",599,6,230,4,150,1,NA,NA,NA,NA
"Species_115",599,5,230,4,150,1,NA,NA,NA,NA
"Species_116",599,5,230,4,150,1,NA,NA,NA,NA
"Species_117",599,5,230,4,150,1,NA,NA,NA,NA
"Species_118",599,5,230,4,150,1,NA,NA,NA,NA
"Species_119",599,5,230,4,150,1,NA,NA,NA,NA
"Species_120",599,5,230,4,150,1,NA,NA,NA,NA
"Species_121",599,5,230,4,150,1,NA,NA,NA,NA
"Species_122",599,5,230,4,150,1,NA,NA,NA,NA
"Species_123",599,5,230,4,NA,NA,NA,NA,NA,NA
"Species_124",599,4,230,4,NA,NA,NA,NA,NA,NA
"Species_125",599,4,230,3,NA,NA,NA,NA,NA,NA
"Species_126",599,4,230,3,NA,NA,NA,NA,NA,NA
"Species_127",599,4,230,3,NA,NA,NA,NA,NA,NA
"Species_128",599,4,230,3,NA,NA,NA,NA,NA,NA
"Species_129",599,4,230,3,NA,NA,NA,NA,NA,NA
"Species_130",599,4,230,3,NA,NA,NA,NA,NA,NA
"Species_131",599,4,230,3,NA,NA,NA,NA,NA,NA
"Species_132",599,4,230,3,NA,NA,NA,NA,NA,NA
"Species_133",599,4,230,3,NA,NA,NA,NA,NA,NA
"Species_134",599,4,230,3,NA,NA,NA,NA,NA,NA
"Species_135",599,4,230,3,NA,NA,NA,NA,NA,NA
"Species_136",599,4,230,3,NA,NA,NA,NA,NA,NA
"Species_137",599,4,230,2,NA,NA,NA,NA,NA,NA
"Species_138",599,3,230,2,NA,NA,NA,NA,NA,NA
"Species_139",599,3,230,2,NA,NA,NA,NA,NA,NA
"Species_140",599,3,230,2,NA,NA,NA,NA,NA,NA
"Species_141",599,3,230,2,NA,NA,NA,NA,NA,NA
"Species_142",599,3,230,2,NA,NA,NA,NA,NA,NA
"Species_143",599,3,230,2,NA,NA,NA,NA,NA,NA
"Species_144",599,3,230,2,NA,NA,NA,NA,NA,NA
"Species_145",599,3,230,2,NA,NA,NA,NA,NA,NA
"Species_146",599,3,230,2,NA,NA,NA,NA,NA,NA
"Species_147",599,3,230,2,NA,NA,NA,NA,NA,NA
"Species_148",599,3,230,2,NA,NA,NA,NA,NA,NA
"Species_149",599,3,230,2,NA,NA,NA,NA,NA,NA
"Species_150",599,3,230,2,NA,NA,NA,NA,NA,NA
"Species_151",599,3,230,2,NA,NA,NA,NA,NA,NA
"Species_152",599,3,230,2,NA,NA,NA,NA,NA,NA
"Species_153",599,3,230,2,NA,NA,NA,NA,NA,NA
"Species_154",599,3,230,2,NA,NA,NA,NA,NA,NA
"Species_155",599,3,230,2,NA,NA,NA,NA,NA,NA
"Species_156",599,2,230,2,NA,NA,NA,NA,NA,NA
"Species_157",599,2,230,2,NA,NA,NA,NA,NA,NA
"Species_158",599,2,230,2,NA,NA,NA,NA,NA,NA
"Species_159",599,2,230,2,NA,NA,NA,NA,NA,NA
"Species_160",599,2,230,2,NA,NA,NA,NA,NA,NA
"Species_161",599,2,230,2,NA,NA,NA,NA,NA,NA
"Species_162",599,2,230,2,NA,NA,NA,NA,NA,NA
"Species_163",599,2,230,2,NA,NA,NA,NA,NA,NA
"Species_164",599,2,230,2,NA,NA,NA,NA,NA,NA
"Species_165",599,2,230,2,NA,NA,NA,NA,NA,NA
"Species_166",599,2,230,2,NA,NA,NA,NA,NA,NA
"Species_167",599,2,230,2,NA,NA,NA,NA,NA,NA
"Species_168",599,2,230,2,NA,NA,NA,NA,NA,NA
"Species_169",599,2,230,2,NA,NA,NA,NA,NA,NA
"Species_170",599,2,230,2,NA,NA,NA,NA,NA,NA
"Species_171",599,2,230,1,NA,NA,NA,NA,NA,NA
"Species_172",599,2,230,1,NA,NA,NA,NA,NA,NA
"Species_173",599,2,230,1,NA,NA,NA,NA,NA,NA
"Species_174",599,2,230,1,NA,NA,NA,NA,NA,NA
"Species_175",599,2,230,1,NA,NA,NA,NA,NA,NA
"Species_176",599,2,230,1,NA,NA,NA,NA,NA,NA
"Species_177",599,2,230,1,NA,NA,NA,NA,NA,NA
"Species_178",599,2,230,1,NA,NA,NA,NA,NA,NA
"Species_179",599,1,230,1,NA,NA,NA,NA,NA,NA
"Species_180",599,1,230,1,NA,NA,NA,NA,NA,NA
"Species_181",599,1,230,1,NA,NA,NA,NA,NA,NA
"Species_182",599,1,230,1,NA,NA,NA,NA,NA,NA
"Species_183",599,1,230,1,NA,NA,NA,NA,NA,NA
"Species_184",599,1,230,1,NA,NA,NA,NA,NA,NA
"Species_185",599,1,230,1,NA,NA,NA,NA,NA,NA
"Species_186",599,1,230,1,NA,NA,NA,NA,NA,NA
"Species_187",599,1,230,1,NA,NA,NA,NA,NA,NA
"Species_188",599,1,230,1,NA,NA,NA,NA,NA,NA
"Species_189",599,1,230,1,NA,NA,NA,NA,NA,NA
"Species_190",599,1,230,1,NA,NA,NA,NA,NA,NA
"Species_191",599,1,230,1,NA,NA,NA,NA,NA,NA
"Species_192",599,1,230,1,NA,NA,NA,NA,NA,NA
"Species_193",599,1,230,1,NA,NA,NA,NA,NA,NA
"Species_194",599,1,230,1,NA,NA,NA,NA,NA,NA
"Species_195",599,1,230,1,NA,NA,NA,NA,NA,NA
"Species_196",599,1,230,1,NA,NA,NA,NA,NA,NA
"Species_197",599,1,230,1,NA,NA,NA,NA,NA,NA
"Species_198",599,1,230,1,NA,NA,NA,NA,NA,NA
"Species_199",599,1,230,1,NA,NA,NA,NA,NA,NA
"Species_200",599,1,230,1,NA,NA,NA,NA,NA,NA
"Species_201",599,1,230,1,NA,NA,NA,NA,NA,NA
"Species_202",599,1,230,1,NA,NA,NA,NA,NA,NA
"Species_203",599,1,230,1,NA,NA,NA,NA,NA,NA
"Species_204",599,1,230,1,NA,NA,NA,NA,NA,NA
"Species_205",599,1,230,1,NA,NA,NA,NA,NA,NA
"Species_206",599,1,230,1,NA,NA,NA,NA,NA,NA
"Species_207",599,1,230,1,NA,NA,NA,NA,NA,NA
"Species_208",599,1,230,1,NA,NA,NA,NA,NA,NA
"Species_209",599,1,230,1,NA,NA,NA,NA,NA,NA
"Species_210",599,1,230,1,NA,NA,NA,NA,NA,NA
"Species_211",599,1,230,1,NA,NA,NA,NA,NA,NA
"Species_212",599,1,230,1,NA,NA,NA,NA,NA,NA
"Species_213",599,1,230,1,NA,NA,NA,NA,NA,NA
"Species_214",599,1,230,1,NA,NA,NA,NA,NA,NA
"Species_215",599,1,230,1,NA,NA,NA,NA,NA,NA
"Species_216",599,1,230,1,NA,NA,NA,NA,NA,NA
"Species_217",599,1,230,1,NA,NA,NA,NA,NA,NA
"Species_218",599,1,230,1,NA,NA,NA,NA,NA,NA
"Species_219",599,1,230,1,NA,NA,NA,NA,NA,NA
"Species_220",599,1,230,1,NA,NA,NA,NA,NA,NA
"Species_221",599,1,230,1,NA,NA,NA,NA,NA,NA
"Species_222",599,1,230,1,NA,NA,NA,NA,NA,NA
"Species_223",599,1,230,1,NA,NA,NA,NA,NA,NA
"Species_224",599,1,230,1,NA,NA,NA,NA,NA,NA
"Species_225",599,1,230,1,NA,NA,NA,NA,NA,NA
"Species_226",599,1,230,1,NA,NA,NA,NA,NA,NA
"Species_227",599,1,230,1,NA,NA,NA,NA,NA,NA
"Species_228",NA,NA,230,1,NA,NA,NA,NA,NA,NA
"Species_229",NA,NA,230,1,NA,NA,NA,NA,NA,NA
"Species_230",NA,NA,230,1,NA,NA,NA,NA,NA,NA
"Species_231",NA,NA,230,1,NA,NA,NA,NA,NA,NA
"Species_232",NA,NA,230,1,NA,NA,NA,NA,NA,NA
"Species_233",NA,NA,230,1,NA,NA,NA,NA,NA,NA
"Species_234",NA,NA,230,1,NA,NA,NA,NA,NA,NA
"Species_235",NA,NA,230,1,NA,NA,NA,NA,NA,NA
"Species_236",NA,NA,230,1,NA,NA,NA,NA,NA,NA
"Species_237",NA,NA,230,1,NA,NA,NA,NA,NA,NA
"Species_238",NA,NA,230,1,NA,NA,NA,NA,NA,NA
"Species_239",NA,NA,230,1,NA,NA,NA,NA,NA,NA
"Species_240",NA,NA,230,1,NA,NA,NA,NA,NA,NA
"Species_241",NA,NA,230,1,NA,NA,NA,NA,NA,NA
